{"cameraMode":{"drawMode":0,"name":"Shaded","section":"Shading Mode"},"sceneLighting":true,"audioPlay":false,"sceneViewState":{"showFog":true,"showMaterialUpdate":false,"showSkybox":true,"showFlares":true,"showImageEffects":true,"showParticleSystems":true},"in2DMode":false,"pivot":{"x":1.1737562417984009,"y":4.616342544555664,"z":0.2079785168170929},"rotation":{"x":0.057861607521772388,"y":-0.011979334987699986,"z":0.0006943469634279609,"w":0.9982525110244751},"size":11.742706298828125,"orthographic":true}