{"cameraMode":{"drawMode":0,"name":"Shaded","section":"Shading Mode"},"sceneLighting":true,"audioPlay":false,"sceneViewState":{"showFog":true,"showMaterialUpdate":false,"showSkybox":true,"showFlares":true,"showImageEffects":true,"showParticleSystems":true},"in2DMode":false,"pivot":{"x":-0.6350002288818359,"y":-0.7000000476837158,"z":44.0},"rotation":{"x":0.028348049148917199,"y":-0.10178187489509583,"z":0.0029015708714723589,"w":0.9943985342979431},"size":12.205355644226075,"orthographic":true}