{"cameraMode":{"drawMode":0,"name":"Shaded","section":"Shading Mode"},"sceneLighting":true,"audioPlay":false,"sceneViewState":{"showFog":true,"showMaterialUpdate":false,"showSkybox":true,"showFlares":true,"showImageEffects":true,"showParticleSystems":true},"in2DMode":false,"pivot":{"x":-5.480993270874023,"y":4.08341646194458,"z":22.03935432434082},"rotation":{"x":0.09328041225671768,"y":0.1271812617778778,"z":0.012014773674309254,"w":-0.9874104261398315},"size":21.431270599365236,"orthographic":false}