{"cameraMode":{"drawMode":0,"name":"Shaded","section":"Shading Mode"},"sceneLighting":true,"audioPlay":false,"sceneViewState":{"showFog":true,"showMaterialUpdate":false,"showSkybox":true,"showFlares":true,"showImageEffects":true,"showParticleSystems":true},"in2DMode":false,"pivot":{"x":144.71142578125,"y":-74.46453857421875,"z":-136.6149444580078},"rotation":{"x":0.13040925562381745,"y":0.41300591826438906,"z":-0.05988733470439911,"w":0.8993515372276306},"size":3039.2353515625,"orthographic":true}